id,diagnosis,radius_mean,texture_mean,perimeter_mean,area_mean,smoothness_mean,compactness_mean,concavity_mean,concave points_mean,symmetry_mean,fractal_dimension_mean,radius_se,texture_se,perimeter_se,area_se,smoothness_se,compactness_se,concavity_se,concave points_se,symmetry_se,fractal_dimension_se,radius_worst,texture_worst,perimeter_worst,area_worst,smoothness_worst,compactness_worst,concavity_worst,concave points_worst,symmetry_worst,fractal_dimension_worst
842302,M,17.99,10.38,122.8,1001,0.1184,0.2776,0.3001,0.1471,0.2419,0.07871,1.095,0.9053,8.589,153.4,0.006399,0.04904,0.05373,0.01587,0.03003,0.006193,25.38,17.33,184.6,2019,0.1622,0.6656,0.7119,0.2654,0.4601,0.1189
92751,B,17.99,24.54,47.92,181,0.05263,0.04362,0,0,0.1587,0.05884,0.3857,1.428,2.548,19.15,0.007189,0.00466,0,0,0.02676,0.002783,25.38,30.37,59.16,268.6,0.08996,0.06444,0,0,0.2871,0.07039
923465,B,17.99,24.21,68.89,361.6,0.08192,0.06602,0.01548,0.00816,0.1976,0.06328,0.5196,1.918,3.564,33,0.008263,0.0187,0.01277,0.005917,0.02466,0.002977,25.38,31.45,83.9,505.6,0.1204,0.1633,0.06194,0.03264,0.3059,0.07626
925622,M,17.99,30.62,103.4,716.9,0.1048,0.2087,0.255,0.09429,0.2128,0.07152,0.2602,1.205,2.362,22.65,0.004625,0.04844,0.07359,0.01608,0.02137,0.006142,25.38,42.79,128.7,915,0.1417,0.7917,1.17,0.2356,0.4089,0.1409
